Sunset Mercantile Outer Sunset Farmers Market & Mercantile,Truck,2155 37TH AVE,REQUESTED,Multiple Food Trucks Food Types
Bonito Poke,Truck,430 CALIFORNIA ST,APPROVED,Bonito Poke Bowls Various Drinks
Off the Grid Services LLC,Truck,185 BERRY ST,APPROVED,everything except for hot dogs
Off the Grid Services LLC,Truck,90 BROADWAY,APPROVED,everything except for hot dogs
Off the Grid Services LLC,Truck,185 BERRY ST,APPROVED,everything except for hot dogs
Off the Grid Services LLC,Truck,250 04TH ST,APPROVED,everything except for hot dogs
Off the Grid Services LLC,Truck,44 MARY ST,APPROVED,Multiple Food Trucks Food Types
Off the Grid Services LLC,Truck,525 BRANNAN ST,APPROVED,Everything
Off the Grid Services LLC,Truck,340 BRANNAN ST,APPROVED,Everything
Off the Grid Services LLC,Truck,90 BROADWAY,APPROVED,everything except for hot dogs
The New York Frankfurter Co. of CA Inc. DBA Annie's Hot Dogs,Push_Cart,101 STOCKTON ST,APPROVED,Soft Pretzels hot dogs sausage chips popcorn soda espresso cappucino pastries ice cream italian sausages shish ka bob churros juice water various drinks
Bay Area Mobile Catering Inc. dba. Taqueria Angelica's,Truck,1501 FOLSOM ST,APPROVED,Tacos burritos soda juice
Bay Area Mobile Catering Inc. dba. Taqueria Angelica's,Truck,1301 CESAR CHAVEZ ST,APPROVED,Tacos Burritos Tortas Quesadillas Sodas Chips Candy
El Alambre,Truck,1100 FRANKLIN ST,APPROVED,Tacos Burritos Quesadillas Nachos Alambres Choice of Meat Carne Asada Carnitas Pollo Al Pastor Camarones
El Alambre,Truck,1800 FOLSOM ST,APPROVED,Tacos Burritos Quesadillas Tortas
El Alambre,Truck,1188 FRANKLIN ST,APPROVED,Tacos Burritos Quesadillas Nachos Alambres Choice of Meat Carne Asada Carnitas Pollo Al Pastor Camarones
El Alambre,Truck,1800 FOLSOM ST,APPROVED,Tacos Burritos Quesadillas Tortas
Bay Area Mobile Catering Inc. dba. Taqueria Angelica's,Truck,3065 25TH ST,APPROVED,Tacos burritos soda juice
Bay Area Mobile Catering Inc. dba. Taqueria Angelica's,Truck,1455 MARKET ST,APPROVED,Tacos burritos soda juice
Brazuca Grill,Truck,601 MARIPOSA ST,EXPIRED,Cold Truck Sandwiches Noodles Pre packaged Snacks Candy Desserts Various Beverages
Truly Food & More,Truck,1500 GENEVA AVE,REQUESTED,Latin Food Tacos Pupusas Vegetables Salad Water Sodas
Street Meet,Truck,306 VALENCIA ST,REQUESTED,Burritos Tacos Tortas Quesadillas Various Drinks
Tacos Rodriguez,Truck,1275 EVANS AVE,SUSPEND,Tacos burritos quesadillas soda water
Tacos Rodriguez,Truck,2198 OAKDALE AVE,SUSPEND,Tacos burritos quesadillas soda water
Tacos Rodriguez,Truck,600 MENDELL ST,SUSPEND,Tacos burritos quesadillas soda water
Natan's Catering,Truck,3201 03RD ST,APPROVED,Burgers melts hot dogs burritossandwiches fries onion rings drinks
Tacos Rodriguez,Truck,1 SANSOME ST,SUSPEND,Tacos burritos quesadillas soda water
Natan's Catering,Truck,66 POTRERO AVE,APPROVED,Burgers melts hot dogs burritossandwiches fries onion rings drinks
Natan's Catering,Truck,555 MISSOURI ST,APPROVED,Burgers melts hot dogs burritossandwiches fries onion rings drinks
Quan Catering,Truck,1575 BURKE AVE,EXPIRED,Cold Truck Soft drinks cup cakes potato chips cookies gum sandwiches hot cold peanuts muffins coff hot cold water juice yoplait milk orange juice sunflower seeds can foods burritos buscuits chimichangas rice krispies
Reecees Soulicious,Truck,201 BAY SHORE BLVD,REQUESTED,Fried Chicken Fried Fish Greens Mac Cheese Peach Cobbler String beans
Mini Mobile Food Catering,Truck,147 FREMONT ST,EXPIRED,Cold Truck Corn Dogs Noodle Soups Candy Pre packaged Snacks Sandwiches Chips Coffee Tea Various Beverages
Got Snacks,Push_Cart,1020 03RD ST,REQUESTED,sunflower seeds crackerjacks bottled water peanuts candy
The Chef Station,Truck,8 10TH ST,REQUESTED,South American Peruvian food
California Kahve,Truck,1234 GREAT HWY,EXPIRED,Drip Coffee Espresso Drinks Matcha Green Tea Black Teas Herbal Teas Crossaints Savory Sweet Breads
Scotch Bonnet,Truck,50 01ST ST,EXPIRED,Jerk chicken curry chicken curry goat curry dhal Burritos Fish Ox tails rice beans veggies
Think is Good Inc.,Truck,430 CALIFORNIA ST,APPROVED,Lobster rolls crab rolls lobster burritos crab burritos chicken burritos fish burritos chicken burritos poke bowls soups chips soda
Liang Bai Ping,Truck,931 PALOU AVE,EXPIRED,Cold Truck Pre packaged sandwiches snacks fruit various beverages
Natan's Catering,Truck,1801 EVANS AVE,APPROVED,Burgers melts hot dogs burritos sandwiches fries onion rings drinks
Natan's Catering,Truck,1650 03RD ST,APPROVED,Burgers melts hot dogs burritos sandwiches fries onion rings drinks
Natan's Catering,Truck,1140 07TH ST,APPROVED,Burgers melts hot dogs burritos sandwiches fries onion rings drinks
Natan's Catering,Truck,600 16TH ST,APPROVED,Burgers melts hot dogs burritos sandwiches fries onion rings drinks
Natan's Catering,Truck,950 HARRISON ST,APPROVED,Burgers melts hot dogs burritos sandwiches fries onion rings drinks
Natan's Catering,Truck,2045 EVANS AVE,APPROVED,Burgers melts hot dogs burritos sandwiches fries onion rings drinks
Natan's Catering,Truck,400 ALEMANY BLVD,APPROVED,Burgers melts hot dogs burritos sandwiches fries onion rings drinks
Natan's Catering,Truck,3040 HARRISON ST,APPROVED,Burgers melts hot dogs burritos sandwiches fries onion rings drinks
Natan's Catering,Truck,435 23RD ST,APPROVED,Burgers melts hot dogs burritos sandwiches fries onion rings drinks
Natan's Catering,Truck,151 MENDELL ST,APPROVED,Burgers melts hot dogs burritos sandwiches fries onion rings drinks
Natan's Catering,Truck,50 QUINT ST,APPROVED,Burgers melts hot dogs burritos sandwiches fries onion rings drinks
Chairman SF LLC,Truck,400 CALIFORNIA ST,EXPIRED,Baos bowls drinks
Natan's Catering,Truck,888 MARIN ST,APPROVED,Burgers melts hot dogs burritos sandwiches fries onion rings drinks
Natan's Catering,Truck,350 KANSAS ST,APPROVED,Burgers melts hot dogs burritos sandwiches fries onion rings drinks
Natan's Catering,Truck,1580 BURKE AVE,APPROVED,Burgers melts hot dogs burritos sandwiches fries onion rings drinks
Natan's Catering,Truck,3335 17TH ST,APPROVED,Burgers melts hot dogs burritos sandwiches fries onion rings drinks
Think is Good Inc.,Truck,560 MISSION ST,APPROVED,Lobster rolls crab rolls lobster burritos crab burritos chicken burritos fish burritos chicken burritos poke bowls soups chips soda
Brazuca Grill,Truck,2085 03RD ST,EXPIRED,Cold Truck Sandwiches Noodles Pre packaged Snacks Candy Desserts Various Beverages
Bonito Poke,Truck,505 HOWARD ST,REQUESTED,Bonito Poke Bowls Various Drinks
Think is Good Inc.,Truck,100 PINE ST,APPROVED,Lobster rolls crab rolls lobster burritos crab burritos chicken burritos fish burritos chicken burritos poke bowls soups chips soda
Natan's Catering,Truck,2101 03RD ST,APPROVED,Burgers melts hot dogs burritossandwiches fries onion rings drinks
Natan's Catering,Truck,146 CONNECTICUT ST,APPROVED,Burgers melts hot dogs burritossandwiches fries onion rings drinks
Wu Wei LLC dba MoBowl,Truck,75 HOWARD ST,EXPIRED,Various types of meat veggie seafood bowls
BOWL'D ACAI LLC.,Truck,200 LARKIN ST,APPROVED,Acai Bowls Smoothies Juices
Eva's Catering,Truck,1100 ORTEGA ST,APPROVED,Cold Truck Burrito Corn Dog Salads Sandwiches Quesadilla Tacos Fried Rice Cow Mein Chinese Rice Noodle Plates Soup Bacon Eggs Ham Avacado Sausages Beverages
Halal Cart of San Francisco,Push_Cart,400 MONTGOMERY ST,APPROVED,Halal Gyro over Rice Halal Chicken over Rice Halal Gyro Chicken Sandwich
San Francisco's Hometown Creamery,Truck,301 PINE ST,APPROVED,Ice cream Waffle cones
San Francisco's Hometown Creamery,Truck,340 POST ST,APPROVED,Ice Cream Waffle Cones
Halal Cart of San Francisco,Push_Cart,1 MARKET ST,APPROVED,Halal Gyro over Rice Halal Chicken over Rice Halal Gyro Chicken Sandwich
San Francisco's Hometown Creamery,Truck,425 CALIFORNIA ST,APPROVED,Ice Cream Waffle Cones
Buenafe,Truck,901 16TH ST,APPROVED,Tacos burritos quesadillas tortas pupusas flautas tamales
Eva's Catering,Truck,1650 20TH AVE,APPROVED,Cold Truck Burrito Corn Dog Salads Sandwiches Quesadilla Tacos Fried Rice Cow Mein Chinese Rice Noodle Plates Soup Bacon Eggs Ham Avacado Sausages Beverages
Halal Cart LLC,Push_Cart,400 MONTGOMERY ST,APPROVED,kebabs halal gyro grilled halal meat refreshments
Eva's Catering,Truck,630 BRANNAN ST,APPROVED,Cold Truck Burrito Corn Dog Salads Sandwiches Quesadilla Tacos Fried Rice Cow Mein Chinese Rice Noodle Plates Soup Bacon Eggs Ham Avacado Sausages Beverages
The Geez Freeze,Truck,3750 18TH ST,APPROVED,Snow Cones Soft Serve Ice Cream Frozen Virgin Daiquiris
San Francisco's Hometown Creamery,Truck,1 MONTGOMERY ST,APPROVED,Ice Cream Waffle Cones
Eva's Catering,Truck,530 05TH ST,APPROVED,Cold Truck Burrito Corn Dog Salads Sandwiches Quesadilla Tacos Fried Rice Cow Mein Chinese Rice Noodle Plates Soup Bacon Eggs Ham Avacado Sausages Beverages
Papalote Inc.,Truck,505 HOWARD ST,APPROVED,Mexican Burritos Burrito Bowls Salads
Philz Coffee Truck,Truck,15 MARINA BLVD,APPROVED,Hot coffee iced coffee hot chocolate tea pastries
Buenafe,Truck,220 RANKIN ST,APPROVED,Tacos Burritos Quesadillas Tortas
Eva's Catering,Truck,2600 INGALLS ST,APPROVED,Corndogs fried burrito rice placet soda water sandwiches soup noodle plates
Philz Coffee Truck,Truck,401 CALIFORNIA ST,APPROVED,Hot coffee iced coffee hot chocolate tea pastries
Eva's Catering,Truck,2045 EVANS AVE,APPROVED,Cold Truck Burrito Corn Dog Salads Sandwiches Quesadilla Tacos Fried Rice Cow Mein Chinese Rice Noodle Plates Soup Bacon Eggs Ham Avacado Sausages Beverages
BOWL'D ACAI LLC.,Truck,451 MONTGOMERY ST,APPROVED,Acai Bowls Smoothies Juices
Halal Cart LLC,Push_Cart,1 MARKET ST,APPROVED,kebabs halal gyro grilled halal meat refreshments
Truly Food & More,Truck,217 SANSOME ST,APPROVED,Latin Food Tacos Pupusas Vegetables Salad Waters Sodas
BOWL'D ACAI LLC.,Truck,15 MARINA BLVD,APPROVED,Acai Bowls Poke Bowls Smoothies Juices
BOWL'D ACAI LLC.,Truck,111 BATTERY ST,APPROVED,Acai Bowls Smoothies Juices
Philz Coffee Truck,Truck,250 PINE ST,APPROVED,Hot coffee iced coffee hot chocolate tea pastries
Truly Food & More,Truck,602 MISSION ST,APPROVED,Latin Food Tacos Pupusas Vegetables Salad Waters Sodas
Liang Bai Ping,Truck,2200 OFARRELL ST,EXPIRED,Cold Truck Pre packaged sandwiches snacks fruit various beverages
F & C Catering,Truck,1500 TENNESSEE ST,EXPIRED,Cold Truck Hot Cold Sandwiches Water Soda Juice Snacks Milk Candies Canned Food Soups Cup of Noodles Fruit Salad
Papalote Inc.,Truck,60 SPEAR ST,APPROVED,Mexican Burritos Burrito Bowls Salads
Eva's Catering,Truck,1900 19TH AVE,APPROVED,Cold Truck Burrito Corn Dog Salads Sandwiches Quesadilla Tacos Fried Rice Cow Mein Chinese Rice Noodle Plates Soup Bacon Eggs Ham Avacado Sausages Beverages
Eva's Catering,Truck,1199 ORTEGA ST,APPROVED,Cold Truck Burrito Corn Dog Salads Sandwiches Quesadilla Tacos Fried Rice Cow Mein Chinese Rice Noodle Plates Soup Bacon Eggs Ham Avacado Sausages Beverages
San Francisco's Hometown Creamery,Truck,281 GEARY ST,APPROVED,Ice Cream Waffle Cones
Halal Cart LLC,Push_Cart,455 MARKET ST,APPROVED,Gyros Kebabs soft drinks water
Truly Food & More,Truck,505 HOWARD ST,APPROVED,Latin Food Tacos Pupusas Vegetables Salad Waters Sodas
El Gallo Jiro,Truck,3055 23RD ST,EXPIRED,Burritos Giros Tortas Quesadillas Tacos Various Beverages
Singh Brothers Ice Cream,Truck,1191 QUESADA AVE,REQUESTED,Ice Cream Pre Packaged Chips Candies Bottled Water Canned SODA
El Tonayense #60,Truck,2355 FOLSOM ST,REQUESTED,Tacos Burritos Tortas Quesadillas Drinks
Philz Coffee Truck,Truck,556 SUTTER ST,APPROVED,Hot coffee iced coffee hot chocolate tea pastries
Philz Coffee Truck,Truck,735 MONTGOMERY ST,APPROVED,Hot coffee iced coffee hot chocolate tea pastries
F & C Catering,Truck,1275 MINNESOTA ST,EXPIRED,Cold Truck Hot Cold Sandwiches Water Soda Juice Snacks Milk Candies Canned Food Soups Cup of Noodles Fruit Salad
Buenafe,Truck,750 PHELPS ST,APPROVED,Tacos Burritos Quesadillas Tortas
Golden Gate Halal Food,Push_Cart,1169 MARKET ST,SUSPEND,Pulao Plates Sandwiches Various Drinks
F & C Catering,Truck,2800 03RD ST,EXPIRED,Cold Truck Hot Cold Sandwiches Water Soda Juice Snacks Milk Candies Canned Food Soups Cup of Noodles Fruit Salad
Street Meet,Truck,30 GROVE ST,SUSPEND,Burritos Tacos Quesadillas Tortas Carne Asada Fries various drinks
Street Meet,Truck,100 LARKIN ST,SUSPEND,Burritos Tacos Quesadillas Tortas Carne Asada Fries various drinks
Wu Wei LLC dba MoBowl,Truck,900 FRONT ST,EXPIRED,Various types of meat veggie seafood bowls
Wu Wei LLC dba MoBowl,Truck,500 HOWARD ST,EXPIRED,Various types of meat veggie seafood bowls
Flavors of Africa,Truck,560 MISSION ST,SUSPEND,Meat vegi rice bowls meat vegi salad bowls meat vegi wraps drinks juices
Wu Wei LLC dba MoBowl,Truck,253 DRUMM ST,EXPIRED,Various types of meat veggie seafood bowls
F & C Catering,Truck,2890 03RD ST,EXPIRED,Cold Truck Hot Cold Sandwiches Water Soda Juice Snacks Milk Candies Canned Food Soups Cup of Noodles Fruit Salad
Treats by the Bay LLC,Push_Cart,1 MARKET ST,EXPIRED,Ice Cream Donuts
Leo's Hot Dogs,Push_Cart,2301 MISSION ST,EXPIRED,Hot dogs related toppings non alcoholic beverages
F & C Catering,Truck,900 MINNESOTA ST,EXPIRED,Cold Truck Hot Cold Sandwiches Water Soda Juice Snacks Milk Candies Canned Food Soups Cup of Noodles Fruit Salad
F & C Catering,Truck,700 25TH ST,EXPIRED,Cold Truck Hot Cold Sandwiches Water Soda Juice Snacks Milk Candies Canned Food Soups Cup of Noodles Fruit Salad
Lerso,Truck,1450 MISSION ST,SUSPEND,Pernil Asado Ropa Vieja Arroz con Pollo Cuban Sandwich Croquetas Fritas Tostones Platanos Maduros Yuca Frita
F & C Catering,Truck,898 PENNSYLVANIA AVE,EXPIRED,Cold Truck Hot Cold Sandwiches Water Soda Juice Snacks Milk Candies Canned Food Soups Cup of Noodles Fruit Salad
Wu Wei LLC dba MoBowl,Truck,370 DRUMM ST,EXPIRED,Various types of meat veggie seafood bowls
Singh Brothers Ice Cream,Truck,1562 BANCROFT AVE,REQUESTED,Ice Cream Pre Packaged Chips Candies Bottled Water Canned SODA
Golden Gate Halal Food,Push_Cart,979 MARKET ST,SUSPEND,Pulao Plates Sandwiches Various Drinks
Singh Brothers Ice Cream,Truck,1420 YOSEMITE AVE,REQUESTED,Ice Cream Pre Packaged Chips Candies Bottled Water Canned SODA
SOHOMEI LLC,Truck,500 MASONIC AVE,REQUESTED,COLD TRUCK Deli bbq chicken skewer Chinese spring roll Chinese fried rice noodle fried chicken leg wing bbq chicken sandwich chicken cheese burger burrito lumpia Snack sunflower seeds muffins chips snickers kit kat 10 types of chocolate Drinks Coke 7 Up Dr Pepper Pepsi Redbull Vitamin Water Rockstar Coconut Juice Water Hot drinks coffee tea
SOHOMEI LLC,Truck,3300 CESAR CHAVEZ ST,REQUESTED,COLD TRUCK Deli bbq chicken skewer Chinese spring roll Chinese fried rice noodle fried chicken leg wing bbq chicken sandwich chicken cheese burger burrito lumpia Snack sunflower seeds muffins chips snickers kit kat 10 types of chocolate Drinks Coke 7 Up Dr Pepper Pepsi Redbull Vitamin Water Rockstar Coconut Juice Water Hot drinks coffee tea
Serendipity SF,Truck,400 CALIFORNIA ST,ISSUED,Meatloaf Grilled Cheese Chicken Sandwich Caprese Salad Kale Salad Fries Sweet Potato Fries Mac Cheese Mashed Potatoes
CC Acquisition LLC,Push_Cart,525 MARKET ST,REQUESTED,Chai Tea
Singh Brothers Ice Cream,Truck,297 HARBOR RD,REQUESTED,Ice Cream Pre Packaged Chips Candies Bottled Water Canned SODA
SOHOMEI LLC,Truck,1118 MISSION ST,REQUESTED,COLD TRUCK Deli bbq chicken skewer Chinese spring roll Chinese fried rice noodle fried chicken leg wing bbq chicken sandwich chicken cheese burger burrito lumpia Snack sunflower seeds muffins chips snickers kit kat 10 types of chocolate Drinks Coke 7 Up Dr Pepper Pepsi Redbull Vitamin Water Rockstar Coconut Juice Water Hot drinks coffee tea
SOHOMEI LLC,Truck,432 CLAY ST,REQUESTED,COLD TRUCK Deli bbq chicken skewer Chinese spring roll Chinese fried rice noodle fried chicken leg wing bbq chicken sandwich chicken cheese burger burrito lumpia Snack sunflower seeds muffins chips snickers kit kat 10 types of chocolate Drinks Coke 7 Up Dr Pepper Pepsi Redbull Vitamin Water Rockstar Coconut Juice Water Hot drinks coffee tea
SPUNBYSS,Truck,240 02ND ST,REQUESTED,American classic slider fried chicken slider fried chicken skin wedge cut fries regular cut fries handcrafted sodas spring salad
Singh Brothers Ice Cream,Truck,360 PENINSULA AVE,REQUESTED,Ice Cream Pre Packaged Chips Candies Bottled Water Canned SODA
Singh Brothers Ice Cream,Truck,195 KISKA RD,REQUESTED,Ice Cream Pre Packaged Chips Candies Bottled Water Canned SODA
Tacos El Primo,Truck,1700 EVANS AVE,REQUESTED,Mexican food tacos burritos tortas various meat chicken fish plate chile relleno plate fish plate bread flan rice pudding bread fruit juice vegetable juice coffee tea
SOHOMEI LLC,Truck,1 THOMAS MORE WAY,REQUESTED,COLD TRUCK Deli bbq chicken skewer Chinese spring roll Chinese fried rice noodle fried chicken leg wing bbq chicken sandwich chicken cheese burger burrito lumpia Snack sunflower seeds muffins chips snickers kit kat 10 types of chocolate Drinks Coke 7 Up Dr Pepper Pepsi Redbull Vitamin Water Rockstar Coconut Juice Water Hot drinks coffee tea
Singh Brothers Ice Cream,Truck,2900 GRIFFITH ST,REQUESTED,Ice Cream Pre Packaged Chips Candies Bottled Water Canned SODA
SOHOMEI LLC,Truck,1540 PINE ST,REQUESTED,COLD TRUCK Deli bbq chicken skewer Chinese spring roll Chinese fried rice noodle fried chicken leg wing bbq chicken sandwich chicken cheese burger burrito lumpia Snack sunflower seeds muffins chips snickers kit kat 10 types of chocolate Drinks Coke 7 Up Dr Pepper Pepsi Redbull Vitamin Water Rockstar Coconut Juice Water Hot drinks coffee tea
Munch India,Truck,400 CALIFORNIA ST,REQUESTED,Daily rotating menus consisting of various local organic vegetable poultry meat seafood rice bread dishes
Singh Brothers Ice Cream,Truck,1000 HOLLISTER AVE,REQUESTED,Ice Cream Pre Packaged Chips Candies Bottled Water Canned SODA
Singh Brothers Ice Cream,Truck,1173 INGERSON AVE,REQUESTED,Ice Cream Pre Packaged Chips Candies Bottled Water Canned SODA
Tacos El Primo,Truck,1495 WALLACE AVE,REQUESTED,Mexican food tacos burritos tortas various meat chicken fish plate chile relleno plate fish plate bread flan rice pudding bread fruit juice vegetable juice coffee tea
The Huge Hotdog Concession,Truck,1300 POLK ST,EXPIRED,Hotdogs chips soda nuts crackers
Santana ESG Inc.,Truck,1 SANSOME ST,EXPIRED,Tacos Burritos Tortas Quesadillas Mexican Drinks Aguas Frescas
Singh Brothers Ice Cream,Truck,1475 DONNER AVE,REQUESTED,Ice Cream Pre Packaged Chips Candies Bottled Water Canned SODA
Marengo,Truck,75 WATERLOO ST,REQUESTED,Breakfast  egg cheese bacon tomato english muffin w butter jam or nutella hard boiled eggs fruit medley water coffee milk carrot juice orange juice
Singh Brothers Ice Cream,Truck,35 NIBBI CT,REQUESTED,Ice Cream Pre Packaged Chips Candies Bottled Water Canned SODA
Eli's Hot Dogs,Push_Cart,101 BAY SHORE BLVD,REQUESTED,various styles of hot dogs sausages chips breakfast sandwiches chili soda water
Singh Brothers Ice Cream,Truck,1101 PALOU AVE,REQUESTED,Ice Cream Pre Packaged Chips Candies Bottled Water Canned SODA
SOHOMEI LLC,Truck,740 VALENCIA ST,REQUESTED,COLD TRUCK Deli bbq chicken skewer Chinese spring roll Chinese fried rice noodle fried chicken leg wing bbq chicken sandwich chicken cheese burger burrito lumpia Snack sunflower seeds muffins chips snickers kit kat 10 types of chocolate Drinks Coke 7 Up Dr Pepper Pepsi Redbull Vitamin Water Rockstar Coconut Juice Water Hot drinks coffee tea
SF Cart Project,Truck,535 MISSION BAY BLVD SOUTH,EXPIRED,7 Multiple Trucks on rotation 1 on Mission Bay Blvd South 6 on 4th St  Serving everything but hot dogs
Santana ESG Inc.,Truck,2598 HARRISON ST,EXPIRED,Tacos Burritos Tortas Quesadillas Mexican Drinks Aguas Frescas
SOHOMEI LLC,Truck,599 MASONIC AVE,REQUESTED,COLD TRUCK Deli bbq chicken skewer Chinese spring roll Chinese fried rice noodle fried chicken leg wing bbq chicken sandwich chicken cheese burger burrito lumpia Snack sunflower seeds muffins chips snickers kit kat 10 types of chocolate Drinks Coke 7 Up Dr Pepper Pepsi Redbull Vitamin Water Rockstar Coconut Juice Water Hot drinks coffee tea
SOHOMEI LLC,Truck,1580 DAVIDSON AVE,REQUESTED,COLD TRUCK Deli bbq chicken skewer Chinese spring roll Chinese fried rice noodle fried chicken leg wing bbq chicken sandwich chicken cheese burger burrito lumpia Snack sunflower seeds muffins chips snickers kit kat 10 types of chocolate Drinks Coke 7 Up Dr Pepper Pepsi Redbull Vitamin Water Rockstar Coconut Juice Water Hot drinks coffee tea
Singh Brothers Ice Cream,Truck,1550 WALLACE AVE,REQUESTED,Ice Cream Pre Packaged Chips Candies Bottled Water Canned SODA
CC Acquisition LLC,Push_Cart,298 MARKET ST,REQUESTED,Indian Chai Tea
Ruru Juice LLC,Truck,601 MISSION ST,REQUESTED,Smoothies Juice Salads Fruit Bowls Soup
Wonder Philly,Push_Cart,960 04TH ST,ISSUED,Hot dogs sausages cheesesteaks chips drinks
Singh Brothers Ice Cream,Truck,1104 FITZGERALD AVE,REQUESTED,Ice Cream Pre Packaged Chips Candies Bottled Water Canned SODA
Julie's Hot Dogs,Truck,2365 MISSION ST,EXPIRED,Hot dogs Bacon wrapped hot dogs soda water sports drinks energy drinks chips
SOHOMEI LLC,Truck,690 MISSION ST,REQUESTED,COLD TRUCK Deli bbq chicken skewer Chinese spring roll Chinese fried rice noodle fried chicken leg wing bbq chicken sandwich chicken cheese burger burrito lumpia Snack sunflower seeds muffins chips snickers kit kat 10 types of chocolate Drinks Coke 7 Up Dr Pepper Pepsi Redbull Vitamin Water Rockstar Coconut Juice Water Hot drinks coffee tea
Kabob Trolley LLC,Push_Cart,298 KING ST,REQUESTED,Gyros Kebobs refreshments dessert
Kabob Trolley LLC,Truck,1133 MISSION ST,REQUESTED,Halal Gyro Cheesesteaks
Tacos El Primo,Truck,345 WILLIAMS AVE,REQUESTED,Mexican food tacos burritos tortas various meat chicken fish plate chile relleno plate fish plate bread flan rice pudding bread fruit juice vegetable juice coffee tea
Singh Brothers Ice Cream,Truck,1309 INGALLS ST,REQUESTED,Ice Cream Pre Packaged Chips Candies Bottled Water Canned SODA
CC Acquisition LLC,Push_Cart,560 VALENCIA ST,REQUESTED,Chai Tea
Santana ESG Inc.,Truck,200 SHOTWELL ST,EXPIRED,Tacos Burritos Tortas Quesadillas Mexican Drinks Aguas Frescas
SOHOMEI LLC,Truck,544 02ND ST,REQUESTED,COLD TRUCK Deli bbq chicken skewer Chinese spring roll Chinese fried rice noodle fried chicken leg wing bbq chicken sandwich chicken cheese burger burrito lumpia Snack sunflower seeds muffins chips snickers kit kat 10 types of chocolate Drinks Coke 7 Up Dr Pepper Pepsi Redbull Vitamin Water Rockstar Coconut Juice Water Hot drinks coffee tea
Ruru Juice LLC,Truck,80 SUTTER ST,REQUESTED,Smoothies Juice Salads Fruit Bowls Soup
Singh Brothers Ice Cream,Truck,3444 JENNINGS ST,REQUESTED,Ice Cream Pre Packaged Chips Candies Bottled Water Canned SODA
Tacos Lol Tun,Truck,1610 ARMSTRONG AVE,EXPIRED,Tortas burritos tacos ensaladas sodas
El Tonayense #60,Truck,401 TREAT AVE,REQUESTED,Tacos Burritos Tortas Quesadillas Drinks
SOHOMEI LLC,Truck,1570 BURKE AVE,REQUESTED,COLD TRUCK Deli bbq chicken skewer Chinese spring roll Chinese fried rice noodle fried chicken leg wing bbq chicken sandwich chicken cheese burger burrito lumpia Snack sunflower seeds muffins chips snickers kit kat 10 types of chocolate Drinks Coke 7 Up Dr Pepper Pepsi Redbull Vitamin Water Rockstar Coconut Juice Water Hot drinks coffee tea
SOHOMEI LLC,Truck,730 ELLIS ST,REQUESTED,COLD TRUCK Deli bbq chicken skewer Chinese spring roll Chinese fried rice noodle fried chicken leg wing bbq chicken sandwich chicken cheese burger burrito lumpia Snack sunflower seeds muffins chips snickers kit kat 10 types of chocolate Drinks Coke 7 Up Dr Pepper Pepsi Redbull Vitamin Water Rockstar Coconut Juice Water Hot drinks coffee tea
SOHOMEI LLC,Truck,1240 MINNESOTA ST,REQUESTED,COLD TRUCK Deli bbq chicken skewer Chinese spring roll Chinese fried rice noodle fried chicken leg wing bbq chicken sandwich chicken cheese burger burrito lumpia Snack sunflower seeds muffins chips snickers kit kat 10 types of chocolate Drinks Coke 7 Up Dr Pepper Pepsi Redbull Vitamin Water Rockstar Coconut Juice Water Hot drinks coffee tea
SOHOMEI LLC,Truck,85 02ND ST,REQUESTED,COLD TRUCK Deli bbq chicken skewer Chinese spring roll Chinese fried rice noodle fried chicken leg wing bbq chicken sandwich chicken cheese burger burrito lumpia Snack sunflower seeds muffins chips snickers kit kat 10 types of chocolate Drinks Coke 7 Up Dr Pepper Pepsi Redbull Vitamin Water Rockstar Coconut Juice Water Hot drinks coffee tea
Singh Brothers Ice Cream,Truck,2115 JENNINGS ST,REQUESTED,Ice Cream Pre Packaged Chips Candies Bottled Water Canned SODA
Singh Brothers Ice Cream,Truck,800 JAMESTOWN AVE,REQUESTED,Ice Cream Pre Packaged Chips Candies Bottled Water Canned SODA
SOHOMEI LLC,Truck,501 HOWARD ST,REQUESTED,COLD TRUCK Deli bbq chicken skewer Chinese spring roll Chinese fried rice noodle fried chicken leg wing bbq chicken sandwich chicken cheese burger burrito lumpia Snack sunflower seeds muffins chips snickers kit kat 10 types of chocolate Drinks Coke 7 Up Dr Pepper Pepsi Redbull Vitamin Water Rockstar Coconut Juice Water Hot drinks coffee tea
Singh Brothers Ice Cream,Truck,1698 KIRKWOOD AVE,REQUESTED,Ice Cream Pre Packaged Chips Candies Bottled Water Canned SODA
SOHOMEI LLC,Truck,2401 22ND ST,REQUESTED,COLD TRUCK Deli bbq chicken skewer Chinese spring roll Chinese fried rice noodle fried chicken leg wing bbq chicken sandwich chicken cheese burger burrito lumpia Snack sunflower seeds muffins chips snickers kit kat 10 types of chocolate Drinks Coke 7 Up Dr Pepper Pepsi Redbull Vitamin Water Rockstar Coconut Juice Water Hot drinks coffee tea
Singh Brothers Ice Cream,Truck,1207 SHAFTER AVE,REQUESTED,Ice Cream Pre Packaged Chips Candies Bottled Water Canned SODA
SOHOMEI LLC,Truck,1652 EDDY ST,REQUESTED,COLD TRUCK Deli bbq chicken skewer Chinese spring roll Chinese fried rice noodle fried chicken leg wing bbq chicken sandwich chicken cheese burger burrito lumpia Snack sunflower seeds muffins chips snickers kit kat 10 types of chocolate Drinks Coke 7 Up Dr Pepper Pepsi Redbull Vitamin Water Rockstar Coconut Juice Water Hot drinks coffee tea
El Tonayanse #4  #36,Truck,1717 HARRISON ST,REQUESTED,Tacos Burritos Tortas Quesadillas
Singh Brothers Ice Cream,Truck,1060 KEY AVE,REQUESTED,Ice Cream Pre Packaged Chips Candies Bottled Water Canned SODA
Rita's Catering,Truck,1028 MISSION ST,SUSPEND,Filipino Food
Flavors of Africa,Truck,405 HOWARD ST,SUSPEND,Meat vegi rice bowls meat vegi salad bowls meat vegi wraps drinks juices
Faith Sandwich,Push_Cart,58 MAIN ST,SUSPEND,BBQ PORK SANDWICHGRILL CHICKEN SANDWICHSHIRMP SPRING ROLLSBBQ PORK OVER RICEGRILL CHICKEN OVER RICEBBQ PORK VERMICELLIGRILL CHICKEN VERMICELLIBBQ PORK GARLIC NOODLEGRILL CHICKEN GARLIC NOODLENEW ITEMSMASALA DOSAPANNER DOSACHICKEN CURRY RICECHICKEN STEWRICE OR DOSAADD CHEESEADD GHEE
Flavors of Africa,Truck,555 MISSION ST,SUSPEND,Meat vegi rice bowls meat vegi salad bowls meat vegi wraps drinks juices
FRUITYMANIA,Push_Cart,870 MARKET ST,SUSPEND,Fruit Salads Fruit Drinks Can Soda Water
Giant Burrito,Truck,1500 GENEVA AVE,REQUESTED,Tacos Burritos Tostadas Flautas Tostadas Tortas Pozole Menudo
Street Meet,Truck,777 MARIPOSA ST,SUSPEND,Tacos burritos quesadillas tortas asada fries nachos
Faith Sandwich,Push_Cart,560 MISSION ST,SUSPEND,BBQ PORK SANDWICHGRILL CHICKEN SANDWICHSHIRMP SPRING ROLLSBBQ PORK OVER RICEGRILL CHICKEN OVER RICEBBQ PORK VERMICELLIGRILL CHICKEN VERMICELLIBBQ PORK GARLIC NOODLEGRILL CHICKEN GARLIC NOODLENEW ITEMSMASALA DOSAPANNER DOSACHICKEN CURRY RICECHICKEN STEWRICE OR DOSAADD CHEESEADD GHEE
Shah's Halal Food,Push_Cart,532 MARKET ST,SUSPEND,Chicken Gyro Lamb Gyro Chiken Gyro Plate Lamb Gyro Plate Combination Gyro Plate
FRUITYMANIA,Push_Cart,801 MARKET ST,SUSPEND,Fruit Salads Fruit Drinks Can Soda Water
Quan Catering,Truck,2920 03RD ST,EXPIRED,Cold Truck Soft drinks cup cakes potato chips cookies gum sandwiches hot cold peanuts muffins coff hot cold water juice yoplait milk orange juice sunflower seeds can foods burritos buscuits chimichangas rice krispies
Scotch Bonnet,Truck,115 SANSOME ST,EXPIRED,Jerk chicken curry chicken curry goat curry dhal Burritos Fish Ox tails rice beans veggies
Kettle Corn Star,Push_Cart,773 MARKET ST,EXPIRED,Kettle Corn Funnel Cakes Lemonade Beverages Flan Hot Dogs Falafel Hot Cold Sandwiches French Fries Baklava Pastries
Quan Catering,Truck,2111 LANE ST,EXPIRED,Cold Truck Soft drinks cup cakes potato chips cookies gum sandwiches hot cold peanuts muffins coff hot cold water juice yoplait milk orange juice sunflower seeds can foods burritos buscuits chimichangas rice krispies
Liang Bai Ping,Truck,1450 WALLACE AVE,EXPIRED,Cold Truck Pre packaged sandwiches snacks fruit various beverages
Bonito Poke,Truck,400 HOWARD ST,REQUESTED,Bonito Poke Bowls Various Drinks
SF Street Food,Truck,290 SUTTER ST,REQUESTED,Chicken Tikka Masala Vegetarian Rice Plate Burritos Tacos Mango Lassi
Bonito Poke,Truck,430 CALIFORNIA ST,REQUESTED,Bonito Poke Bowls Various Drinks
Bay Area Dots LLC,Push_Cart,900 BEACH ST,REQUESTED,Hot dogs condiments soft pretzels soft drinks coffeecold beverages pastries bakery goods cookies icecream candy soups churros chestnuts nuts fresh fruit fruit juices desserts potato chips popcorn
The New York Frankfurter Co. of CA Inc. DBA Annie's Hot Dogs,Push_Cart,870 MARKET ST,APPROVED,Soft pretzels hot dogs sausages chips popcorn soda espresso cappucino pastry ica cream ices italian sausage shish ka bob churros juice water various drinks
Bonito Poke,Truck,400 HOWARD ST,APPROVED,Bonito Poke Bowls Various Drinks
Liang Bai Ping,Truck,1145 REVERE AVE,EXPIRED,Cold Truck Pre packaged sandwiches snacks fruit various beverages
Bonito Poke,Truck,505 HOWARD ST,APPROVED,Bonito Poke Bowls Various Drinks
Bonito Poke,Truck,409 ILLINOIS ST,APPROVED,Bonito Poke Bowls Various Drinks
San Francisco Carts & Concessions Inc. DBA Stanley's Steamers Hot Dogs,Push_Cart,384 POST ST,REQUESTED,American Food Hot dogs pretzels ice cream salads beverages sandwiches soup coffee pastriesetc
BOWL'D ACAI LLC.,Truck,15 MARINA BLVD,REQUESTED,Acai Bowls Poke Bowls Smoothies Juices
Tacos El Ojo De Agua,Truck,551 03RD ST,EXPIRED,Tacos Burritos Tortas Quesadillas Salads Soup Fruits Juices Soda Water
Liang Bai Ping,Truck,1127 SHAFTER AVE,EXPIRED,Cold Truck Pre packaged sandwiches snacks fruit various beverages
Mini Mobile Food Catering,Truck,420 BERRY ST,EXPIRED,Cold Truck Corn Dogs Noodle Soups Candy Pre packaged Snacks Sandwiches Chips Coffee Tea Various Beverages
Quan Catering,Truck,722 BRANNAN ST,EXPIRED,Cold Truck Soft drinks cup cakes potato chips cookies gum sandwiches hot cold peanuts muffins coff hot cold water juice yoplait milk orange juice sunflower seeds can foods burritos buscuits chimichangas rice krispies
Tacos Santo Toribio,Truck,928 TOLAND ST,REQUESTED,tacos
Quan Catering,Truck,3305 03RD ST,EXPIRED,Cold Truck Soft drinks cup cakes potato chips cookies gum sandwiches hot cold peanuts muffins coff hot cold water juice yoplait milk orange juice sunflower seeds can foods burritos buscuits chimichangas rice krispies
Reecees Soulicious,Truck,4705 03RD ST,REQUESTED,Fried Chicken Fried Fish Greens Mac Cheese Peach Cobbler String beans
Taqueria Lolita,Truck,1700 EVANS AVE,SUSPEND,Tacos burritos quesadillas combination plates tortas tostadas
Julie's Hot Dogs,Truck,2386 MISSION ST,REQUESTED,Hot dogs bacon wrapped hot dogs chicken burgers energy drinks water various other drinks
Liang Bai Ping,Truck,1420 YOSEMITE AVE,EXPIRED,Cold Truck Pre packaged sandwiches snacks fruit various beverages
Liang Bai Ping,Truck,1377 FELL ST,EXPIRED,Cold Truck Pre packaged sandwiches snacks fruit various beverages
Quan Catering,Truck,222 02ND ST,EXPIRED,Cold Truck Soft drinks cup cakes potato chips cookies gum sandwiches hot cold peanuts muffins coff hot cold water juice yoplait milk orange juice sunflower seeds can foods burritos buscuits chimichangas rice krispies
Mini Mobile Food Catering,Truck,355 BERRY ST,EXPIRED,Cold Truck Corn Dogs Noodle Soups Candy Pre packaged Snacks Sandwiches Chips Coffee Tea Various Beverages
The Chai Cart,Push_Cart,79 NEW MONTGOMERY ST,SUSPEND,Hot Indian Chai Tea
Swell Cream & Coffee,Truck,2401 36TH AVE,REQUESTED,Ice cream coffee pastries
Quan Catering,Truck,2190 CESAR CHAVEZ ST,EXPIRED,Cold Truck Soft drinks cup cakes potato chips cookies gum sandwiches hot cold peanuts muffins coff hot cold water juice yoplait milk orange juice sunflower seeds can foods burritos buscuits chimichangas rice krispies
Liang Bai Ping,Truck,1135 REVERE AVE,EXPIRED,Cold Truck Pre packaged sandwiches snacks fruit various beverages
The New York Frankfurter Co. of CA Inc. DBA Annie's Hot Dogs,Push_Cart,800 MARKET ST,APPROVED,Soft pretzels hot dogs sausages chips popcorn sodea coffee espresso cappucino pastries ice cream Italian sausages shish ka bob churros juice water various drinks
Liang Bai Ping,Truck,1160 REVERE AVE,EXPIRED,Cold Truck Pre packaged sandwiches snacks fruit various beverages
Mini Mobile Food Catering,Truck,355 FREMONT ST,EXPIRED,Cold Truck Corn Dogs Noodle Soups Candy Pre packaged Snacks Sandwiches Chips Coffee Tea Various Beverages
Liang Bai Ping,Truck,2115 JENNINGS ST,EXPIRED,Cold Truck Pre packaged sandwiches snacks fruit various beverages
Liang Bai Ping,Truck,1335 YOSEMITE AVE,EXPIRED,Cold Truck Pre packaged sandwiches snacks fruit various beverages
Mini Mobile Food Catering,Truck,1690 FOLSOM ST,EXPIRED,Cold Truck Corn Dogs Noodle Soups Candy Pre packaged Snacks Sandwiches Chips Coffee Tea Various Beverages
Quan Catering,Truck,500 SELBY ST,EXPIRED,Cold Truck Soft drinks cup cakes potato chips cookies gum sandwiches hot cold peanuts muffins coff hot cold water juice yoplait milk orange juice sunflower seeds can foods burritos buscuits chimichangas rice krispies
Pipo's Grill,Truck,1800 FOLSOM ST,REQUESTED,Tacos Burritos Hot Dogs Hamburgers
Quan Catering,Truck,400 BEALE ST,EXPIRED,Cold Truck Soft drinks cup cakes potato chips cookies gum sandwiches hot cold peanuts muffins coff hot cold water juice yoplait milk orange juice sunflower seeds can foods burritos buscuits chimichangas rice krispies
Mini Mobile Food Catering,Truck,355 11TH ST,EXPIRED,Cold Truck Corn Dogs Noodle Soups Candy Pre packaged Snacks Sandwiches Chips Coffee Tea Various Beverages
Athena SF Gyro,Push_Cart,10 SOUTH VAN NESS AVE,REQUESTED,Gyro pita bread Lamb or chicken lamb over rice chicken over rice chicken biryani rice soft drinks
Izzy's Cheesesteaks,Truck,255 BATTERY ST,REQUESTED,Cheesesteaks French Fries Drinks
Bonito Poke,Truck,409 ILLINOIS ST,REQUESTED,Bonito Poke Bowls Various Drinks
Casey's Pizza LLC,Truck,654 MISSION ST,EXPIRED,Artisan Pizzas Margherita Yukon Potato Zoe's Pepperoni Funghi Brocolli Rabe Bacon Kale Arugula Drinks
Liang Bai Ping,Truck,1500 WALLACE AVE,EXPIRED,Cold Truck Pre packaged sandwiches snacks fruit various beverages
Liang Bai Ping,Truck,1180 THOMAS AVE,EXPIRED,Cold Truck Pre packaged sandwiches snacks fruit various beverages
Quan Catering,Truck,1301 CESAR CHAVEZ ST,EXPIRED,Cold Truck Soft drinks cup cakes potato chips cookies gum sandwiches hot cold peanuts muffins coff hot cold water juice yoplait milk orange juice sunflower seeds can foods burritos buscuits chimichangas rice krispies
Scotch Bonnet,Truck,25 MONTGOMERY ST,EXPIRED,Jerk chicken curry chicken curry goat curry dhal Burritos Fish Ox tails rice beans veggies
Halal Food,Push_Cart,50 CALIFORNIA ST,REQUESTED,rice chicken beef hot dogs sandwich's coke water
Casey's Pizza LLC,Truck,100 SPEAR ST,EXPIRED,Artisan Pizzas Margherita Yukon Potato Zoe's Pepperoni Funghi Brocolli Rabe Bacon Kale Arugula Drinks
Casey's Pizza LLC,Truck,368 FELL ST,EXPIRED,Artisan Pizzas Margherita Yukon Potato Zoe's Pepperoni Funghi Brocolli Rabe Bacon Kale Arugula Drinks
Liang Bai Ping,Truck,1475 CARROLL AVE,EXPIRED,Cold Truck Pre packaged sandwiches snacks fruit various beverages
Casey's Pizza LLC,Truck,231 SANSOME ST,EXPIRED,Artisan Pizzas Margherita Yukon Potato Zoe's Pepperoni Funghi Brocolli Rabe Bacon Kale Arugula Drinks
Liang Bai Ping,Truck,1351 UNDERWOOD AVE,EXPIRED,Cold Truck Pre packaged sandwiches snacks fruit various beverages
Mini Mobile Food Catering,Truck,491 BAY SHORE BLVD,EXPIRED,Cold Truck Corn Dogs Noodle Soups Candy Pre packaged Snacks Sandwiches Chips Coffee Tea Various Beverages
Liang Bai Ping,Truck,1031 QUESADA AVE,EXPIRED,Cold Truck Pre packaged sandwiches snacks fruit various beverages
Liang Bai Ping,Truck,1515 GRIFFITH ST,EXPIRED,Cold Truck Pre packaged sandwiches snacks fruit various beverages
Athena SF Gyro,Push_Cart,699 08TH ST,REQUESTED,Gyro pita bread Lamb or chicken lamb over rice chicken over rice chicken biryani rice soft drinks
Halal Cart of San Francisco,Push_Cart,1 FRONT ST,REQUESTED,Gyro Chicken over rice Gyro over rice
Quan Catering,Truck,3433 03RD ST,EXPIRED,Cold Truck Soft drinks cup cakes potato chips cookies gum sandwiches hot cold peanuts muffins coff hot cold water juice yoplait milk orange juice sunflower seeds can foods burritos buscuits chimichangas rice krispies
Kettle Corn Star,Push_Cart,865 MARKET ST,EXPIRED,Kettle Corn Funnel Cakes Waffles Lemonade
San Francisco Carts & Concessions Inc. DBA Stanley's Steamers Hot Dogs,Push_Cart,331 POWELL ST,REQUESTED,American Food Hot dogs pretzels ice cream salads beverages sandwiches soup coffee pastriesetc
Quan Catering,Truck,201 ALABAMA ST,EXPIRED,Cold Truck Soft drinks cup cakes potato chips cookies gum sandwiches hot cold peanuts muffins coff hot cold water juice yoplait milk orange juice sunflower seeds can foods burritos buscuits chimichangas rice krispies
Liang Bai Ping,Truck,1430 YOSEMITE AVE,EXPIRED,Cold Truck Pre packaged sandwiches snacks fruit various beverages
Liang Bai Ping,Truck,201 FOLSOM ST,EXPIRED,Cold Truck Pre packaged sandwiches snacks fruit various beverages
Halal Cart of San Francisco,Push_Cart,555 MARKET ST,REQUESTED,Gyro Chicken over rice Gyro over rice
Let's Be Frank,Push_Cart,404 OCTAVIA ST,EXPIRED,Hot dogs chili
Liang Bai Ping,Truck,1389 UNDERWOOD AVE,EXPIRED,Cold Truck Pre packaged sandwiches snacks fruit various beverages
Scotch Bonnet,Truck,430 CALIFORNIA ST,EXPIRED,Jerk chicken curry chicken curry goat curry dhal Burritos Fish Ox tails rice beans veggies
Liang Bai Ping,Truck,1450 DONNER AVE,EXPIRED,Cold Truck Pre packaged sandwiches snacks fruit various beverages
Liang Bai Ping,Truck,1300 GRIFFITH ST,EXPIRED,Cold Truck Pre packaged sandwiches snacks fruit various beverages
Mini Mobile Food Catering,Truck,401 HARRISON ST,EXPIRED,Cold Truck Corn Dogs Noodle Soups Candy Pre packaged Snacks Sandwiches Chips Coffee Tea Various Beverages
Liang Bai Ping,Truck,1440 BANCROFT AVE,EXPIRED,Cold Truck Pre packaged sandwiches snacks fruit various beverages
Liang Bai Ping,Truck,1337 VAN DYKE AVE,EXPIRED,Cold Truck Pre packaged sandwiches snacks fruit various beverages
Mini Mobile Food Catering,Truck,245 01ST ST,EXPIRED,Cold Truck Corn Dogs Noodle Soups Candy Pre packaged Snacks Sandwiches Chips Coffee Tea Various Beverages
Quan Catering,Truck,645 BRYANT ST,EXPIRED,Cold Truck Soft drinks cup cakes potato chips cookies gum sandwiches hot cold peanuts muffins coff hot cold water juice yoplait milk orange juice sunflower seeds can foods burritos buscuits chimichangas rice krispies
SF Street Food,Truck,667 MISSION ST,REQUESTED,Chicken Tikka Masala Vegetarian Rice Plate Burritos Tacos Mango Lassi
Swell Cream & Coffee,Truck,2450 TARAVAL ST,REQUESTED,Ice cream coffee pastries
Quan Catering,Truck,50 CALIFORNIA ST,EXPIRED,Cold Truck Soft drinks cup cakes potato chips cookies gum sandwiches hot cold peanuts muffins coff hot cold water juice yoplait milk orange juice sunflower seeds can foods burritos buscuits chimichangas rice krispies
Mini Mobile Food Catering,Truck,350 FREMONT ST,EXPIRED,Cold Truck Corn Dogs Noodle Soups Candy Pre packaged Snacks Sandwiches Chips Coffee Tea Various Beverages
Mini Mobile Food Catering,Truck,620 MENDELL ST,EXPIRED,Cold Truck Corn Dogs Noodle Soups Candy Pre packaged Snacks Sandwiches Chips Coffee Tea Various Beverages
Taqueria Lolita,Truck,750 PHELPS ST,SUSPEND,Tacos burritos quesadillas combination plates tortas tostadas
Liang Bai Ping,Truck,1370 VAN DYKE AVE,EXPIRED,Cold Truck Pre packaged sandwiches snacks fruit various beverages
Quan Catering,Truck,151 EXECUTIVE PARK BLVD,EXPIRED,Cold Truck Soft drinks cup cakes potato chips cookies gum sandwiches hot cold peanuts muffins coff hot cold water juice yoplait milk orange juice sunflower seeds can foods burritos buscuits chimichangas rice krispies
Liang Bai Ping,Truck,1212 THOMAS AVE,EXPIRED,Cold Truck Pre packaged sandwiches snacks fruit various beverages
Quan Catering,Truck,2555 BAY SHORE BLVD,EXPIRED,Cold Truck Soft drinks cup cakes potato chips cookies gum sandwiches hot cold peanuts muffins coff hot cold water juice yoplait milk orange juice sunflower seeds can foods burritos buscuits chimichangas rice krispies
Liang Bai Ping,Truck,1460 BANCROFT AVE,EXPIRED,Cold Truck Pre packaged sandwiches snacks fruit various beverages
Liang Bai Ping,Truck,1555 BANCROFT AVE,EXPIRED,Cold Truck Pre packaged sandwiches snacks fruit various beverages
Treats by the Bay LLC,Truck,1550 04TH ST,REQUESTED,Prepackaged Kettle Corn
Bay Area Dots LLC,Push_Cart,567 BAY ST,REQUESTED,Hot dogs condiments soft pretzels soft drinks coffee cold beverages pastries bakery goods cookies ice cream candy soups churros chestnuts nuts fresh fruit fruit juices desserts potato chips popcorn
Liang Bai Ping,Truck,1153 SHAFTER AVE,EXPIRED,Cold Truck Pre packaged sandwiches snacks fruit various beverages
El Calamar Perubian Food Truck,Truck,2615 24TH ST,REQUESTED,Lomo Saltado Jalea Ceviche Calamari Tilapia Plates Chicken Soda Water
Let's Be Frank,Push_Cart,425 HAYES ST,EXPIRED,Hot dogs chili
Street Meet,Truck,564 HOWARD ST,REQUESTED,Tortas Burritos Tacos Churros Nachos Asada Fries
Mini Mobile Food Catering,Truck,701 16TH ST,EXPIRED,Cold Truck Corn Dogs Noodle Soups Candy Pre packaged Snacks Sandwiches Chips Coffee Tea Various Beverages
Casey's Pizza LLC,Truck,1 POST ST,EXPIRED,Artisan Pizzas Margherita Yukon Potato Zoe's Pepperoni Funghi Brocolli Rabe Bacon Kale Arugula Drinks
Mini Mobile Food Catering,Truck,350 08TH ST,EXPIRED,Cold Truck Corn Dogs Noodle Soups Candy Pre packaged Snacks Sandwiches Chips Coffee Tea Various Beverages
Liang Bai Ping,Truck,1265 THOMAS AVE,EXPIRED,Cold Truck Pre packaged sandwiches snacks fruit various beverages
Liang Bai Ping,Truck,300 BEALE ST,EXPIRED,Cold Truck Pre packaged sandwiches snacks fruit various beverages
Giant Burrito,Truck,353 BAY SHORE BLVD,REQUESTED,Tacos Burritos Tostadas Flautas Tostadas Tortas Pozole Menudo
Kid Abelha  Brazilian Hamburgers,Truck,125 NAPOLEON ST,APPROVED,Brazilian Hamburgers
Kid Abelha  Brazilian Hamburgers,Truck,2045 EVANS AVE,APPROVED,Brazilian Hamburgers
San Francisco Taco Truck,Truck,345 WILLIAMS AVE,REQUESTED,Tacos Tortas Burritos
San Francisco Taco Truck,Truck,345 WILLIAMS AVE,REQUESTED,Tacos Tortas Burritos
San Francisco Carts & Concessions Inc. DBA Stanley's Steamers Hot Dogs,Push_Cart,100 GEARY ST,APPROVED,Hot dogs condiments soft pretzels soft drinks coffee cold beverages pastries bakery goods cookies ice cream candy soups churros chestnuts nuts fresh fruit fruit juices desserts potato chips popcorn
San Francisco Carts & Concessions Inc. DBA Stanley's Steamers Hot Dogs,Push_Cart,345 STOCKTON ST,APPROVED,Hot dogs condiments soft pretzels soft drinks coffee cold beverages pastries bakery goods cookies ice cream candy soups churros chestnuts nuts fresh fruit fruit juices desserts potato chips popcorn
San Francisco Carts & Concessions Inc. DBA Stanley's Steamers Hot Dogs,Push_Cart,251 GEARY ST,APPROVED,Hot dogs condiments soft pretzels soft drinks coffee cold beverages pastries bakery goods cookies ice cream candy soups churros chestnuts nuts fresh fruit fruit juices desserts potato chips popcorn
San Francisco Carts & Concessions Inc. DBA Stanley's Steamers Hot Dogs,Push_Cart,233 GEARY ST,APPROVED,Hot dogs condiments soft pretzels soft drinks coffee cold beverages pastries bakery goods cookies ice cream candy soups churros chestnuts nuts fresh fruit fruit juices desserts potato chips popcorn
Senor Sisig,Truck,120 ELLIS ST,APPROVED,Filipino fusion food taco burrito nachos rice plates
CARDONA'S FOOD TRUCK,Truck,1800 MISSION ST,APPROVED,Tacos Burritos Quesadillas Various Drinks
BH & MT LLC,Truck,170 OTIS ST,APPROVED,Cold Truck Breakfast Sandwiches Salads Pre Packaged Snacks Beverages
CARDONA'S FOOD TRUCK,Truck,1888 MISSION ST,APPROVED,Tacos Burritos Quesadillas Various Drinks
Roadside Rotisserie Corporation  Country Grill,Truck,90 BROADWAY,APPROVED,Rotisserie Chicken Ribs Kickass Salad Potatos w fat dripping chicken wrap
Roadside Rotisserie Corporation  Country Grill,Truck,1 POST ST,APPROVED,Rotisserie chicken pork loin ribs chicken salad wrap potatoes roasted seasonal vegetables kale salad beverages
Senor Sisig,Truck,90 BROADWAY,APPROVED,Various menu items drinks
Treats by the Bay LLC,Truck,201 02ND ST,APPROVED,Prepackaged Kettlecorn
San Pancho's Tacos,Truck,1271 CAPITOL AVE,APPROVED,Tacos Burritos Quesadillas Tortas Nachos Hot DogsSoda Water Fruit Drinks
Senor Sisig,Truck,8 10TH ST,APPROVED,Senor Sisig Filipino fusion food tacos burritos nachos rice plates Various beveragesChairman Bao Vegetable meat sandwiches filled with Asian flavored meats vegetables
BH & MT LLC,Truck,949 PRESIDIO AVE,APPROVED,Cold Truck Breakfast Sandwiches Salads Pre Packaged Snacks Beverages
BH & MT LLC,Truck,401 23RD ST,APPROVED,Cold Truck Breakfast Sandwiches Salads Pre Packaged Snacks Beverages
MOMO INNOVATION LLC,Truck,101 CALIFORNIA ST,APPROVED,MOMO Spicy Noodle POPO's Noodle Spicy Chicken Noodle Rice Noodles
Senor Sisig,Truck,90 BROADWAY,APPROVED,Senor Sisig Filipino fusion food tacos burritos nachos rice plates Various beveragesChairman Bao Vegetable meat sandwiches filled with Asian flavored meats vegetables
Plaza Garibaldy,Truck,475 CALIFORNIA ST,APPROVED,Tacos burritos quesadillas
Roadside Rotisserie Corporation  Country Grill,Truck,300 CALIFORNIA ST,APPROVED,Rotisserie Chicken Ribs Pork Loin Roasted Potatoes Chicken Wrap Kale Salad Drinks
MOMO INNOVATION LLC,Truck,667 MISSION ST,APPROVED,Noodles Meat Drinks
Plaza Garibaldy,Truck,1 MONTGOMERY ST,APPROVED,Tacos burritos quesadillas
Senor Sisig,Truck,120 02ND ST,APPROVED,Filipino fusion food taco burrito nachos rice plates
Roadside Rotisserie Corporation  Country Grill,Truck,1 BUSH ST,APPROVED,Rotisserie Chicken Ribs Kickass Salad Potatos w fat dripping chicken wrap
La Jefa,Truck,531 BAY SHORE BLVD,APPROVED,Tacos burritos quesadillas tortas nachos refried beans cheese sauce salsa fresca carnes beef chicken marinated pork fried pork canned beans rice sodas horchata drinks
BH & MT LLC,Truck,3253 16TH ST,APPROVED,Cold Truck Breakfast Sandwiches Salads Pre Packaged Snacks Beverages
Treats by the Bay LLC,Truck,120 ELLIS ST,APPROVED,Prepackaged Kettlecorn
BH & MT LLC,Truck,1477 GROVE ST,APPROVED,Cold Truck Breakfast Sandwiches Salads Pre Packaged Snacks Beverages
MOMO INNOVATION LLC,Truck,1 BUSH ST,APPROVED,Noodles
BH & MT LLC,Truck,2145 MARKET ST,APPROVED,Cold Truck Breakfast Sandwiches Salads Pre Packaged Snacks Beverages
San Pancho's Tacos,Truck,3119 ALEMANY BLVD,APPROVED,Tacos Burritos Quesadillas Tortas Nachos Hot DogsSoda Water Fruit Drinks
BH & MT LLC,Truck,2001 MARKET ST,APPROVED,Cold Truck Breakfast Sandwiches Salads Pre Packaged Snacks Beverages
BH & MT LLC,Truck,1265 GROVE ST,APPROVED,Cold Truck Breakfast Sandwiches Salads Pre Packaged Snacks Beverages
MOMO INNOVATION LLC,Truck,351 CALIFORNIA ST,APPROVED,Noodles Meat Drinks
Senor Sisig,Truck,101 CALIFORNIA ST,APPROVED,Senor Sisig Filipino fusion food tacos burritos nachos rice plates Various beverages
San Pancho's Tacos,Truck,491 BAY SHORE BLVD,APPROVED,Tacos Burritos Quesadillas Tortas Nachos Hot DogsSoda Water Fruit Drinks
MOMO INNOVATION LLC,Truck,555 MISSION ST,APPROVED,Noodles
Senor Sisig,Truck,901 MISSION ST,APPROVED,Senor Sisig Filipino fusion food tacos burritos nachos rice plates Various beverages
Senor Sisig,Truck,300 PINE ST,APPROVED,Filipino fusion food tacos burritos nachos rice plates Various beverages
Treats by the Bay LLC,Truck,1 MONTGOMERY ST,APPROVED,Sandwich Donuts Coffee Soft Serve Ice Cream Drinks
Plaza Garibaldy,Truck,540 HOWARD ST,APPROVED,Tacos burritos quesadillas
Roadside Rotisserie Corporation  Country Grill,Truck,333 BRANNAN ST,APPROVED,Rotisserie Chicken Ribs Pork Loin Roasted Potatoes Chicken Wrap Kale Salad Drinks
Park's Catering,Truck,1555 BURKE AVE,EXPIRED,Cold Truck Hamburger cheeseburgers hot dogs hot sandwiches cold sandwiches egg muffins cup of noodles corn dogs canned soup coffee hot cocoa hot tea gatorade juice milk soda water fruits fruit salad rice pudding yogurt candy bars chips cookies donuts granola bars muffins
Park's Catering,Truck,330 NEWHALL ST,EXPIRED,Cold Truck Hamburger cheeseburgers hot dogs hot sandwiches cold sandwiches egg muffins cup of noodles corn dogs canned soup coffee hot cocoa hot tea gatorade juice milk soda water fruits fruit salad rice pudding yogurt candy bars chips cookies donuts granola bars muffins
Brazuca Grill,Truck,640 TENNESSEE ST,EXPIRED,Cold Truck Sandwiches Noodles Pre packaged Snacks Candy Desserts Various Beverages
Brazuca Grill,Truck,3000 03RD ST,EXPIRED,Cold Truck Sandwiches Noodles Pre packaged Snacks Candy Desserts Various Beverages
Brazuca Grill,Truck,815 TENNESSEE ST,EXPIRED,Cold Truck Sandwiches Noodles Pre packaged Snacks Candy Desserts Various Beverages
Brazuca Grill,Truck,500 FRANCISCO ST,EXPIRED,Cold Truck Sandwiches Noodles Pre packaged Snacks Candy Desserts Various Beverages
Brazuca Grill,Truck,133 SHIPLEY ST,EXPIRED,Cold Truck Sandwiches Noodles Pre packaged Snacks Candy Desserts Various Beverages
DO UC US Mobile Catering,Truck,2590 MARIN ST,EXPIRED,Cold truck sandwiches salads beverages chips candy cookies coffee tea drinks
Tacos El Flaco,Truck,2901 03RD ST,EXPIRED,Tacos Burritos Tortas Quesadillas Chips Salsa Various Beverages
San Francisco Street Foods Inc.,Push_Cart,2 MONTGOMERY ST,EXPIRED,Hot dogs condiments soft pretzels soft drinks coffee cold beverages pastries bakery goods cookies ice cream candy soups churros chestnuts nuts fresh fruit fruit juices desserts potato chips popcorn
Brazuca Grill,Truck,790 TENNESSEE ST,EXPIRED,Cold Truck Sandwiches Noodles Pre packaged Snacks Candy Desserts Various Beverages
Brazuca Grill,Truck,1400 MINNESOTA ST,EXPIRED,Cold Truck Sandwiches Noodles Pre packaged Snacks Candy Desserts Various Beverages
Brazuca Grill,Truck,2030 03RD ST,EXPIRED,Cold Truck Sandwiches Noodles Pre packaged Snacks Candy Desserts Various Beverages
Brazuca Grill,Truck,368 ELM ST,EXPIRED,Cold Truck Sandwiches Noodles Pre packaged Snacks Candy Desserts Various Beverages
Brazuca Grill,Truck,700 PENNSYLVANIA AVE,EXPIRED,Cold Truck Sandwiches Noodles Pre packaged Snacks Candy Desserts Various Beverages
Cochinita,Truck,490 BRANNAN ST,EXPIRED,Mexican Food Yucatan Food Street Food
Brazuca Grill,Truck,380 10TH ST,EXPIRED,Cold Truck Sandwiches Noodles Pre packaged Snacks Candy Desserts Various Beverages
Curry Up Now,Truck,225 BUSH ST,EXPIRED,Chicken Tiki Masala Burritos Paneer Tiki Masala Burritos Samosas Mango Lassi
Curry Up Now,Truck,727 SANSOME ST,EXPIRED,Indian Street Food Tikka Masala Burritos Samosas Sexy Fries Indian inspired poutine Naughty Naans Deconstructed Samosas Kathi Rolls Lassis Lemonades
Brazuca Grill,Truck,640 TEXAS ST,EXPIRED,Cold Truck Sandwiches Noodles Pre packaged Snacks Candy Desserts Various Beverages
Brazuca Grill,Truck,208 PENNSYLVANIA AVE,EXPIRED,Cold Truck Sandwiches Noodles Pre packaged Snacks Candy Desserts Various Beverages
Park's Catering,Truck,1000 EVANS AVE,EXPIRED,Cold Truck Hamburger cheeseburgers hot dogs hot sandwiches cold sandwiches egg muffins cup of noodles corn dogs canned soup coffee hot cocoa hot tea gatorade juice milk soda water fruits fruit salad rice pudding yogurt candy bars chips cookies donuts granola bars muffins
Zuri Food Facilities,Truck,1601 MARIPOSA ST,EXPIRED,Peruvian Food Served Hot
Cochinita,Truck,290 TOWNSEND ST,EXPIRED,Mexican Food Yucatan Food Street Food
San Francisco Street Foods Inc.,Push_Cart,5 THE EMBARCADERO,EXPIRED,Hot dogs condiments soft pretzels soft drinks coffee cold beverages pastries bakery goods cookies ice cream candy soups churros chestnuts nuts fresh fruit fruit juices desserts potato chips popcorn
Park's Catering,Truck,1200 MISSISSIPPI ST,EXPIRED,Cold Truck Hamburger cheeseburgers hot dogs hot sandwiches cold sandwiches egg muffins cup of noodles corn dogs canned soup coffee hot cocoa hot tea gatorade juice milk soda water fruits fruit salad rice pudding yogurt candy bars chips cookies donuts granola bars muffins
Breakfast Embed,Truck,1200 04TH ST,EXPIRED,Coffee Pastries Bagels Sandwiches Other Items
Park's Catering,Truck,220 RANKIN ST,EXPIRED,Cold Truck Hamburger cheeseburgers hot dogs hot sandwiches cold sandwiches egg muffins cup of noodles corn dogs canned soup coffee hot cocoa hot tea gatorade juice milk soda water fruits fruit salad rice pudding yogurt candy bars chips cookies donuts granola bars muffins
Brazuca Grill,Truck,1315 ARMSTRONG AVE,EXPIRED,Cold Truck Sandwiches Noodles Pre packaged Snacks Candy Desserts Various Beverages
Curry Up Now,Truck,601 03RD ST,EXPIRED,Indian Street Food Tikka Masala Burritos Samosas Sexy Fries Indian inspired poutine Naughty Naans Deconstructed Samosas Kathi Rolls Lassis Lemonades
Brazuca Grill,Truck,2150 CESAR CHAVEZ ST,EXPIRED,Cold Truck Sandwiches Noodles Pre packaged Snacks Candy Desserts Various Beverages
Zuri Food Facilities,Truck,490 02ND ST,EXPIRED,Peruvian Food Served Hot
Brazuca Grill,Truck,1082 PENNSYLVANIA AVE,EXPIRED,Cold Truck Sandwiches Noodles Pre packaged Snacks Candy Desserts Various Beverages
Park's Catering,Truck,3801 03RD ST,EXPIRED,Cold Truck Hamburger cheeseburgers hot dogs hot sandwiches cold sandwiches egg muffins cup of noodles corn dogs canned soup coffee hot cocoa hot tea gatorade juice milk soda water fruits fruit salad rice pudding yogurt candy bars chips cookies donuts granola bars muffins
Cochinita,Truck,1219 07TH AVE,EXPIRED,Mexican Food Yucatan Food Street Food
Fillmore Square,Truck,1290 FILLMORE ST,EXPIRED,Breakfast lunch items with a nod to various cultures
Brazuca Grill,Truck,2660 NEWHALL ST,EXPIRED,Cold Truck Sandwiches Noodles Pre packaged Snacks Candy Desserts Various Beverages
Brazuca Grill,Truck,1411 MARKET ST,EXPIRED,Cold Truck Sandwiches Noodles Pre packaged Snacks Candy Desserts Various Beverages
Chairman SF LLC,Truck,34 ELLIS ST,EXPIRED,Baos bowls drinks
Zuri Food Facilities,Truck,100 SPEAR ST,EXPIRED,Peruvian Food Served Hot
Brazuca Grill,Truck,1040 MARIPOSA ST,EXPIRED,Cold Truck Sandwiches Noodles Pre packaged Snacks Candy Desserts Various Beverages
Park's Catering,Truck,2020 EVANS AVE,EXPIRED,Cold Truck Hamburger cheeseburgers hot dogs hot sandwiches cold sandwiches egg muffins cup of noodles corn dogs canned soup coffee hot cocoa hot tea gatorade juice milk soda water fruits fruit salad rice pudding yogurt candy bars chips cookies donuts granola bars muffins
Cochinita,Truck,501 BEALE ST,EXPIRED,Mexican Food Yucatan Food Street Food
Brazuca Grill,Truck,131 SHOTWELL ST,EXPIRED,Cold Truck Sandwiches Noodles Pre packaged Snacks Candy Desserts Various Beverages
Chairman SF LLC,Truck,625 02ND ST,EXPIRED,Baos bowls drinks
Brazuca Grill,Truck,1575 INDIANA ST,EXPIRED,Cold Truck Sandwiches Noodles Pre packaged Snacks Candy Desserts Various Beverages
Park's Catering,Truck,220 NEWHALL ST,EXPIRED,Cold Truck Hamburger cheeseburgers hot dogs hot sandwiches cold sandwiches egg muffins cup of noodles corn dogs canned soup coffee hot cocoa hot tea gatorade juice milk soda water fruits fruit salad rice pudding yogurt candy bars chips cookies donuts granola bars muffins
Zuri Food Facilities,Truck,475 CALIFORNIA ST,EXPIRED,Peruvian Food Served Hot
Fillmore Square,Truck,1223 WEBSTER ST,EXPIRED,Breakfast lunch items with a nod to various cultures
Brazuca Grill,Truck,1255 22ND ST,EXPIRED,Cold Truck Sandwiches Noodles Pre packaged Snacks Candy Desserts Various Beverages
Brazuca Grill,Truck,1420 CARROLL AVE,EXPIRED,Cold Truck Sandwiches Noodles Pre packaged Snacks Candy Desserts Various Beverages
Brazuca Grill,Truck,1051 26TH ST,EXPIRED,Cold Truck Sandwiches Noodles Pre packaged Snacks Candy Desserts Various Beverages
Brazuca Grill,Truck,1347 DONNER AVE,EXPIRED,Cold Truck Sandwiches Noodles Pre packaged Snacks Candy Desserts Various Beverages
Breakfast Embed,Truck,234 01ST ST,EXPIRED,Coffee Pastries Bagels Sandwiches Other Items
Chairman SF LLC,Truck,536 MISSION ST,EXPIRED,Baos bowls drinks
DO UC US Mobile Catering,Truck,400 PARNASSUS AVE,EXPIRED,Cold truck sandwiches salads beverages chips candy cookies coffee tea drinks
San Francisco Street Foods Inc.,Push_Cart,1 THE EMBARCADERO,EXPIRED,Hot dogs condiments soft pretzels soft drinks coffee cold beverages pastries bakery goods cookies ice cream candy soups churros chestnuts nuts fresh fruit fruit juices desserts potato chips popcorn
Park's Catering,Truck,2323 CESAR CHAVEZ ST,EXPIRED,Cold Truck Hamburger cheeseburgers hot dogs hot sandwiches cold sandwiches egg muffins cup of noodles corn dogs canned soup coffee hot cocoa hot tea gatorade juice milk soda water fruits fruit salad rice pudding yogurt candy bars chips cookies donuts granola bars muffins
Brazuca Grill,Truck,150 OTIS ST,EXPIRED,Cold Truck Sandwiches Noodles Pre packaged Snacks Candy Desserts Various Beverages
Curry Up Now,Truck,370 DRUMM ST,EXPIRED,Chicken Tiki Masala Burritos Paneer Tiki Masala Burritos Samosas Mango Lassi
Brazuca Grill,Truck,1750 FOLSOM ST,EXPIRED,Cold Truck Sandwiches Noodles Pre packaged Snacks Candy Desserts Various Beverages
Brazuca Grill,Truck,998 INDIANA ST,EXPIRED,Cold Truck Sandwiches Noodles Pre packaged Snacks Candy Desserts Various Beverages
San Francisco Street Foods Inc.,Push_Cart,100 POST ST,EXPIRED,Hot dogs condiments soft pretzels soft drinks coffee cold beverages pastries bakery goods cookies ice cream candy soups churros chestnuts nuts fresh fruit fruit juices desserts potato chips popcorn
Park's Catering,Truck,1575 BURKE AVE,EXPIRED,Cold Truck Hamburger cheeseburgers hot dogs hot sandwiches cold sandwiches egg muffins cup of noodles corn dogs canned soup coffee hot cocoa hot tea gatorade juice milk soda water fruits fruit salad rice pudding yogurt candy bars chips cookies donuts granola bars muffins
Park's Catering,Truck,1570 BURKE AVE,EXPIRED,Cold Truck Hamburger cheeseburgers hot dogs hot sandwiches cold sandwiches egg muffins cup of noodles corn dogs canned soup coffee hot cocoa hot tea gatorade juice milk soda water fruits fruit salad rice pudding yogurt candy bars chips cookies donuts granola bars muffins
DO UC US Mobile Catering,Truck,1501 03RD ST,EXPIRED,Cold truck sandwiches salads beverages chips candy cookies coffee tea drinks
Fillmore Square,Truck,1290 FILLMORE ST,EXPIRED,Breakfast lunch items with a nod to various cultures
El Calamar Perubian Food Truck,Truck,85 02ND ST,EXPIRED,Lomo Saltado Jalea Ceviche Calamar Tilapia plate chicken special Soda Water
Park's Catering,Truck,300 NEWHALL ST,EXPIRED,Cold Truck Hamburger cheeseburgers hot dogs hot sandwiches cold sandwiches egg muffins cup of noodles corn dogs canned soup coffee hot cocoa hot tea gatorade juice milk soda water fruits fruit salad rice pudding yogurt candy bars chips cookies donuts granola bars muffins
Park's Catering,Truck,1801 EVANS AVE,EXPIRED,Cold Truck Hamburger cheeseburgers hot dogs hot sandwiches cold sandwiches egg muffins cup of noodles corn dogs canned soup coffee hot cocoa hot tea gatorade juice milk soda water fruits fruit salad rice pudding yogurt candy bars chips cookies donuts granola bars muffins
Brazuca Grill,Truck,6000 03RD ST,EXPIRED,Cold Truck Sandwiches Noodles Pre packaged Snacks Candy Desserts Various Beverages
Fillmore Square,Truck,1245 FILLMORE ST,EXPIRED,Breakfast lunch items with a nod to various cultures
Brazuca Grill,Truck,951 INDIANA ST,EXPIRED,Cold Truck Sandwiches Noodles Pre packaged Snacks Candy Desserts Various Beverages
Brazuca Grill,Truck,3150 03RD ST,EXPIRED,Cold Truck Sandwiches Noodles Pre packaged Snacks Candy Desserts Various Beverages
Park's Catering,Truck,3450 03RD ST,EXPIRED,Cold Truck Hamburger cheeseburgers hot dogs hot sandwiches cold sandwiches egg muffins cup of noodles corn dogs canned soup coffee hot cocoa hot tea gatorade juice milk soda water fruits fruit salad rice pudding yogurt candy bars chips cookies donuts granola bars muffins
Brazuca Grill,Truck,3305 03RD ST,EXPIRED,Cold Truck Sandwiches Noodles Pre packaged Snacks Candy Desserts Various Beverages
Park's Catering,Truck,525 PHELPS ST,EXPIRED,Cold Truck Hamburger cheeseburgers hot dogs hot sandwiches cold sandwiches egg muffins cup of noodles corn dogs canned soup coffee hot cocoa hot tea gatorade juice milk soda water fruits fruit salad rice pudding yogurt candy bars chips cookies donuts granola bars muffins
Cochinita,Truck,501 02ND ST,EXPIRED,Mexican Food Yucatan Food Street Food
Park's Catering,Truck,1650 DAVIDSON AVE,EXPIRED,Cold Truck Hamburger cheeseburgers hot dogs hot sandwiches cold sandwiches egg muffins cup of noodles corn dogs canned soup coffee hot cocoa hot tea gatorade juice milk soda water fruits fruit salad rice pudding yogurt candy bars chips cookies donuts granola bars muffins
Park's Catering,Truck,190 NAPOLEON ST,EXPIRED,Cold Truck Hamburger cheeseburgers hot dogs hot sandwiches cold sandwiches egg muffins cup of noodles corn dogs canned soup coffee hot cocoa hot tea gatorade juice milk soda water fruits fruit salad rice pudding yogurt candy bars chips cookies donuts granola bars muffins
Park's Catering,Truck,250 NAPOLEON ST,EXPIRED,Cold Truck Hamburger cheeseburgers hot dogs hot sandwiches cold sandwiches egg muffins cup of noodles corn dogs canned soup coffee hot cocoa hot tea gatorade juice milk soda water fruits fruit salad rice pudding yogurt candy bars chips cookies donuts granola bars muffins
Brazuca Grill,Truck,1090 26TH ST,EXPIRED,Cold Truck Sandwiches Noodles Pre packaged Snacks Candy Desserts Various Beverages
Brazuca Grill,Truck,1346 EDDY ST,EXPIRED,Cold Truck Sandwiches Noodles Pre packaged Snacks Candy Desserts Various Beverages
Cochinita,Truck,617 BRYANT ST,EXPIRED,Mexican Food Yucatan Food Street Food
Park's Catering,Truck,10 LOOMIS ST,EXPIRED,Cold Truck Hamburger cheeseburgers hot dogs hot sandwiches cold sandwiches egg muffins cup of noodles corn dogs canned soup coffee hot cocoa hot tea gatorade juice milk soda water fruits fruit salad rice pudding yogurt candy bars chips cookies donuts granola bars muffins
Brazuca Grill,Truck,601 23RD ST,EXPIRED,Cold Truck Sandwiches Noodles Pre packaged Snacks Candy Desserts Various Beverages
Park's Catering,Truck,2525 MARIN ST,EXPIRED,Cold Truck Hamburger cheeseburgers hot dogs hot sandwiches cold sandwiches egg muffins cup of noodles corn dogs canned soup coffee hot cocoa hot tea gatorade juice milk soda water fruits fruit salad rice pudding yogurt candy bars chips cookies donuts granola bars muffins
Cochinita,Truck,999 DIVISADERO ST,EXPIRED,Mexican Food Yucatan Food Street Food
Cochinita,Truck,2601 24TH ST,EXPIRED,Panushos Salbutes Salad Rice Beans Cochinita etc
Datam SF LLC dba Anzu To You,Truck,2535 TAYLOR ST,EXPIRED,Asian Fusion  Japanese Sandwiches Sliders Misubi
DO UC US Mobile Catering,Truck,1420 04TH ST,EXPIRED,Cold truck sandwiches salads beverages chips candy cookies coffee tea drinks
Brazuca Grill,Truck,3255 03RD ST,EXPIRED,Cold Truck Sandwiches Noodles Pre packaged Snacks Candy Desserts Various Beverages
San Francisco Street Foods Inc.,Push_Cart,701 HOWARD ST,EXPIRED,Hot dogs condiments soft pretzels soft drinks coffee cold beverages pastries bakery goods cookies ice cream candy soups churros chestnuts nuts fresh fruit fruit juices desserts potato chips popcorn
